{"cameraMode":{"drawMode":0,"name":"Shaded","section":"Shading Mode"},"sceneLighting":false,"audioPlay":false,"sceneViewState":{"m_AlwaysRefresh":false,"showFog":true,"showSkybox":true,"showFlares":true,"showImageEffects":true,"showParticleSystems":true,"showVisualEffectGraphs":true,"m_FxEnabled":true},"in2DMode":false,"pivot":{"x":7.502519130706787,"y":-24.250873565673829,"z":21.213741302490236},"rotation":{"x":0.5068949460983276,"y":0.06222926825284958,"z":-0.03670516237616539,"w":0.8589935302734375},"size":29.140377044677736,"orthographic":false}